
{
  "$schema": "http://json-schema.org/draft-04/schema#",
  "$id": "https://example.com/todos_schema.json",
  "title": "Todo",
  "description": "A todo in the app",
  "type": "object",
  "properties": {
    "userId": {
      "type": "integer"
    },
    "id": {
      "type": "integer"
    },
    "title": {
      "type": "string"
    },
    "completed": {
      "type": "boolean"
    }
  },
  "required": [
    "userId",
    "id",
    "title",
    "completed"
  ],
  "additionalProperties": false
}
