{
  "$schema": "http://json-schema.org/draft-04/schema#",
  "$id": "https://example.com/user_schema.json",
  "title": "User",
  "description": "A user in the app",
  "type": "object",
  "properties": {
    "data": {
      "type": "object",
      "properties": {
        "id": {
          "type": "integer"
        },
        "email": {
          "type": "string"
        },
        "first_name": {
          "type": "string"
        },
        "last_name": {
          "type": "string"
        },
        "avatar": {
          "type": "string"
        }
      },
      "required": [
        "id",
        "email",
        "first_name",
        "last_name",
        "avatar"
      ]
    },
    "support": {
      "type": "object",
      "properties": {
        "url": {
          "type": "string"
        },
        "text": {
          "type": "string"
        }
      },
      "required": [
        "url",
        "text"
      ]
    }
  },
  "required": [
    "data",
    "support"
  ]
}
